n_efa,TLI,RMSEA,RMSEA_low90,RMSEA_high90
139,0.8306610783240198,0.1394440675139546,0.12854048066139348,0.15191074403813093
