n_irt,discrimination_min,discrimination_max,discrimination_median,threshold_min,threshold_max
347,0.8940947604785574,4.896737615328814,2.5056433022794007,-1.5758477623986997,2.266730294922098
